khu công nghiệp,15
chăn nuôi,3
quản lý công nghệ thông tin,7
quản lý sản xuất,7
phân tích kinh doanh,15
thể lực,1
bán hàng,15
địa chất,1
phiên dịch,1
kế toán doanh thu,3
copywriter,11
kỹ thuật điện,15
cơ khí,9
sản xuất chương trình,15
khác,9
vận tải đường sắt,9
luật thuế,11
phân tích,15
nước,7
quản trị hiệu suất,7
mỹ thuật,15
thiết bị,1
công ty kinh doanh lữ hành,9
kỹ thuật viên y tế,15
call center,11
pr,19
môi giới,7
phi lợi nhuận,1
giáo dục,15
thiết kế thời trang,3
quản lý khu vực,7
marketing,1
quy hoạch đô thị,15
đồ uống,7
thiết kế đồ họa,1
đào tạo,3
nghệ thuật,15
an toàn lao động,1
quản lý thương hiệu,7
truyền thông,15
bộ phận tiền sảnh,9
vận hành,0
nhập liệu,11
ngư,5
kho vận,9
cho thuê,15
an ninh,15
sự nghiệp,15
help desk,15
tư vấn rủi ro,15
quản trị hàng tồn kho,15
telesales,15
đặt phòng khách sạn,15
kế toán công nợ,3
ngành nghề khác,15
điều trị đa khoa,15
ngo,14
điện lạnh,1
dịch vụ khách hàng,9
nhiếp ảnh,9
chứng khoán,15
lương cao,15
lương thưởng,15
phát triển,1
kỹ thuật ô tô,15
khai thác năng lượng,15
xuất bản,15
kinh doanh thương mại,1
xe máy,3
công nghệ sinh học,15
dược,7
tuyển dụng,11
nghiệp,15
đầu tư tài chính,15
it phần mềm,15
tiếp thị nội dung,15
khách sạn,1
đạo diễn nghệ thuật,15
bác sĩ,15
dịch vụ ăn uống,9
khai thác mỏ,1
phân tích thị trường,15
quản lý đơn hàng,7
thực phẩm,3
tín dụng,11
nghiên cứu học thuật,15
kế toán,3
thẩm định,9
qa,6
dược sĩ,3
dịch vụ hỗ trợ khách hàng,9
điều trị nội trú,15
quan hệ đối ngoại,1
hàng hải,7
tư vấn,11
thương mại điện tử,1
dịch vụ tài chính,1
ai,4
tư vấn pháp lý,15
quản lý quỹ,7
vật tư,11
quản lý dự án,7
quản lý giáo dục,7
trợ lý luật,11
lễ tân,11
thủy lợi,9
thu mua,11
general management,15
kế toán quản trị,3
phúc lợi,15
y tế,6
trợ lý,11
nhân viên kinh doanh,9
thống kê dữ liệu,1
đại lý du lịch,7
phát triển dự án,15
tư vấn doanh nghiệp,15
sản xuất,5
data analyst,15
xuất khẩu lao động,15
thông tin,1
kế hoạch,1
gắn kết nhân viên,1
system,1
quản lý cấp cao,7
chính phủ,3
thu ngân,11
bảo trì,11
dệt may,7
du lịch,15
nghề nghiệp khác,15
việc làm bán hàng,15
hậu cần,9
hoạch định,9
tiếp tân,1
thời trang,15
trợ lý kinh doanh,9
hỗ trợ học viên,15
tiếp thị,1
sáng tạo nghệ thuật,15
thực tập sinh,9
tư vấn giáo dục,15
quản lý chuỗi cung ứng,7
nhà hàng,9
chính sách,3
xử lý chất thải,11
spa,12
phát triển sản phẩm,15
thiết kế kiến trúc,1
thiết kế công nghiệp,15
phát triển bất động sản,15
nhân sự,11
kế toán thanh toán,3
kỹ thuật cnc,15
ui design,15
dịch vụ vận tải công cộng,9
điện,1
quy định,9
freelancer,15
thư ký pháp lý,3
phát triển thị trường,1
môi trường,15
giao nhận,3
quản lý,7
chất thải,11
ceo,18
kiểm toán,3
hóa học,11
định giá,9
kiểm soát rủi ro,11
bảo mật công nghệ thông tin,15
điều phối,3
thiết kế web,1
chăm sóc sức khỏe,1
tìm việc làm thêm,15
trang sức,15
b,8
biên tập,1
biên,1
nghiên cứu,15
quản trị cơ sở dữ liệu,11
kho bãi,9
cầu đường,9
thiết kế nội ngoại thất,1
dịch vụ hàng không,9
phụ bếp,9
quản lý cửa hàng,7
ngân hàng,15
quản lý cơ sở vật chất,11
giao dịch chứng khoán,15
quản lý kho,7
vận tải,9
quản lý căn hộ,7
tự động hóa,15
mỹ phẩm,3
xuất,5
điện tử,1
chế tạo,1
hành chính văn phòng,15
đào tạo và phát triển,1
luật sở hữu trí tuệ,11
báo cáo tài chính,15
tài chính,1
quản lý quan hệ khách hàng,7
phân tích sản xuất,15
công nghệ thông tin,15
chế biến,15
quản lý f,7
công nghệ thực phẩm,15
quản trị kinh doanh,9
điện ảnh,9
tiếp thị thương mại,1
bưu chính viễn thông,15
thực tập,1
cloud,15
hướng khách hàng,15
tk nội thất,15
bảo vệ,15
kế toán tổng hợp,3
bảo lãnh,15
dầu khí,9
kế toán tài chính,3
thủ tục hải quan,15
quản lý thi hành pháp luật,7
bán hàng qua điện thoại,15
pha chế,11
quan hệ công chúng,15
đầu bếp,15
nhân sự tổng hợp,11
luật,11
kd bất động sản,15
văn phòng,15
devops engineer,11
data engineer,15
a,16
phần mềm máy tính,9
ux,13
pb,3
dược phẩm,3
vệ sinh buồng phòng,15
ngư nghiệp,15
phân tích hệ thống,15
công tác xã hội,15
quản lý chất lượng,7
chăm sóc sức khoẻ,1
chỉnh sửa video,3
đầu tư,15
kỹ thuật môi trường,15
vận tải đường bộ,9
dinh dưỡng,9
quy trình,15
sinh viên mới tốt nghiệp,15
thư ký luật,11
thú y,7
tuân thủ,15
quản lý tài khoản khách hàng,7
qc,10
quản lý sự kiện,7
giao nhận hàng hóa,15
quy hoạch,1
viễn thông,15
hành chính,3
phân phối dược phẩm,15
pháp lý,3
kiểm soát chất lượng,11
vận hành máy móc,15
ô tô,1
sinh học,15
nhập khẩu,11
quầy bar,3
bán sỉ,7
phát triển kinh doanh,1
điện tử viễn thông,1
kiểm soát viên tài chính,15
họa viên kiến trúc,1
bồi thường bảo hiểm,11
bất động sản,15
kinh doanh,9
biên phiên dịch,1
it support,11
bao tiêu,9
thư ký,5
bảo dưỡng,15
bảo hiểm,11
tiêu dùng,15
chuỗi cung ứng,15
truyền hình,1
cơ khí tự động hoá,15
da giày,7
dịch vụ sinh viên,9
in ấn,9
tổ chức sự kiện,15
phân phối,15
kế toán chi phí,3
phân tích dự án bất động sản,15
pg,2
mạng,5
dịch vụ,9
bán hàng kỹ thuật,15
định phí bảo hiểm,9
kế toán thuế,3
quản lý văn phòng,7
sinh viên làm thêm,15
phục vụ,9
phát triển sản phẩm may mặc,15
tư vấn tâm lý,15
kỹ thuật hóa học,15
quản lý tiêu chuẩn và chất lượng,11
software testing,1
vận chuyển giao nhận,15
khoa học,1
giao thông vận tải,15
đấu thầu,11
giám thẩm định,9
thu hồi nợ,11
nông,7
quản lý tài sản,7
bán lẻ,11
xuất nhập khẩu,11
vận hành sản xuất,5
lâm,11
it phần cứng,11
luật xây dựng,11
lao động phổ thông,15
thủy sản,11
chăm sóc khách hàng,9
đảm bảo chất lượng,11
khu chế xuất,5
thiết kế nội thất,1
hóa sinh,15
hướng dẫn viên du lịch,15
thiết kế,1
lái xe,15
quản lý đội xe,7
quản lý điều hành,7
n,17
tiếp thị trực tuyến,1
dự án,11
luật tài chính ngân hàng thương mại,1
kỹ thuật ứng dụng,15
quảng cáo,9
lắp ráp,9
kỹ thuật,15
tạp vụ,7
xây dựng,5
trợ lý bán lẻ,11
giảng dạy,15
khoáng sản,15
bar,3
logistic,1
làm đẹp,1
quản lý dự án công nghệ,7
chuyển đổi số,15
kiến trúc,1
y tá,6
phần cứng máy tính,11
báo chí,11
